Product_Code,Product_Name,Category_ID,Supplier_ID,Brand,Cost_Price,Selling_Price,Profit_Margin,Product_Status,Launch_Date,Warranty_Months
PROD00001,Deleniti Keyboard,15,9,Apple,29910,34608.86,15.71,Available,2022-09-28,12
PROD00002,Distinctio Watch,14,7,LG,41434.47,54121.7,30.62,Available,2024-02-10,36
PROD00003,Delectus Keyboard,8,5,Tata,31195.29,43292.82,38.78,Out of Stock,2025-04-20,24
PROD00004,Nemo Speaker,19,3,Samsung,12386.64,15894.54,28.32,Discontinued,2025-01-14,12
PROD00005,Voluptatum Phone,5,9,Puma,5080.38,6851.4,34.86,Available,2026-03-15,24
PROD00006,Sequi Phone,7,7,Apple,21491.73,25755.69,19.84,Available,2025-04-18,18
PROD00007,Aut Bag,20,9,Sony,14768.98,17105.43,15.82,Available,2024-05-21,12
PROD00008,Enim Speaker,16,7,Mi,30770.41,40469.24,31.52,Available,2021-09-29,6
PROD00009,Nemo Laptop,4,6,OnePlus,27585.14,36925.47,33.86,Available,2023-10-12,18
PROD00010,Animi Shoes,9,2,HP,49096.61,61439.5,25.14,Available,2022-07-01,6
PROD00011,Veniam Watch,16,7,OnePlus,29118.66,36142.08,24.12,Available,2022-07-02,24
PROD00012,Culpa Shirt,16,8,Samsung,35718.41,46873.27,31.23,Discontinued,2023-06-23,18
PROD00013,Numquam Shirt,12,3,HP,43704.84,58398.41,33.62,Out of Stock,2022-02-08,6
PROD00014,Sequi Bag,5,5,Mi,43347.27,53386.5,23.16,Available,2024-08-01,6
PROD00015,Porro Watch,20,1,Nike,6773.11,7716.6,13.93,Available,2023-01-18,36
PROD00016,Eos Speaker,1,5,Tata,23571.69,32658.58,38.55,Available,2021-11-06,12
PROD00017,Animi Keyboard,7,1,Dell,13538.67,15125.4,11.72,Available,2024-02-23,18
PROD00018,Expedita Bag,3,4,Samsung,26253.44,34649.29,31.98,Out of Stock,2022-02-24,24
PROD00019,Magni Phone,11,6,Mi,3229.18,4050.36,25.43,Out of Stock,2026-06-27,24
PROD00020,Culpa Phone,8,6,Adidas,1120.21,1530.65,36.64,Available,2026-01-01,18
PROD00021,Iure Shoes,10,6,LG,49026.66,57434.73,17.15,Available,2022-05-03,36
PROD00022,Maiores Phone,16,5,Lenovo,9070.74,11398.29,25.66,Available,2022-07-23,36
PROD00023,Id Laptop,3,10,Philips,10140.26,12233.21,20.64,Available,2023-07-16,12
PROD00024,Atque Watch,12,8,OnePlus,16320.2,18720.9,14.71,Available,2023-10-09,12
PROD00025,Suscipit TV,19,3,Lenovo,22798,28784.75,26.26,Available,2021-10-22,36
PROD00026,Illo Shoes,19,9,HP,30762.41,34143.2,10.99,Out of Stock,2022-06-28,24
PROD00027,Expedita Headphones,10,5,Nike,44479.23,59846.8,34.55,Available,2023-04-25,12
PROD00028,Suscipit Bag,3,4,Adidas,10892.35,14520.59,33.31,Out of Stock,2021-12-27,24
PROD00029,Odit Shoes,5,5,Samsung,26911.44,30283.44,12.53,Available,2023-03-28,12
PROD00030,Possimus Phone,5,3,Philips,46260.02,54494.3,17.8,Available,2021-12-11,18
PROD00031,Illo Shirt,3,7,LG,34859.73,38690.81,10.99,Available,2022-02-04,18
PROD00032,Enim Shirt,3,4,Lenovo,46964.01,62152.17,32.34,Available,2024-06-08,36
PROD00033,Earum Headphones,4,2,Mi,307.98,428.8,39.23,Available,2021-08-28,18
PROD00034,Consectetur Shirt,12,7,Boat,6490.75,8390.59,29.27,Available,2025-06-12,36
PROD00035,Recusandae Headphones,5,4,HP,43944.76,49367.54,12.34,Available,2022-07-03,18
PROD00036,Vero Laptop,14,9,Adidas,40178.47,52983.35,31.87,Available,2021-07-13,24
PROD00037,Officiis Shirt,4,9,OnePlus,6954.43,7843.9,12.79,Out of Stock,2022-12-25,6
PROD00038,Qui Speaker,17,2,Adidas,6913.72,8711.29,26,Out of Stock,2025-10-20,6
PROD00039,Minima Bag,2,3,Tata,42207.44,51290.48,21.52,Out of Stock,2022-12-27,6
PROD00040,Asperiores TV,2,10,Lenovo,23639.12,29901.12,26.49,Available,2025-04-17,36
PROD00041,Explicabo Shoes,10,3,Boat,41199.22,55594.23,34.94,Discontinued,2025-10-13,12
PROD00042,Repudiandae Bag,1,1,Dell,19267.64,25425.58,31.96,Available,2025-07-25,12
PROD00043,Incidunt Laptop,5,6,Tata,2041.52,2392.87,17.21,Available,2023-11-22,6
PROD00044,Ratione Bag,3,3,Samsung,19667.65,22761.37,15.73,Available,2025-03-05,24
PROD00045,Assumenda Phone,6,10,Adidas,11534.58,15877.35,37.65,Available,2025-11-07,36
PROD00046,Sint Laptop,2,4,Apple,235.57,282.92,20.1,Available,2022-01-27,24
PROD00047,Reprehenderit Keyboard,3,9,Lenovo,3895.74,5059.4,29.87,Available,2022-01-18,18
PROD00048,A Shoes,20,6,Philips,16752.11,21628.65,29.11,Available,2022-11-24,36
PROD00049,Quis Headphones,7,4,Sony,29686.21,39711.24,33.77,Available,2022-08-16,36
PROD00050,Eligendi TV,17,3,Samsung,29227.63,36514.08,24.93,Available,2023-09-24,18
PROD00051,Esse Laptop,10,9,Boat,18800.32,25305.23,34.6,Available,2026-04-21,6
PROD00052,Odio TV,13,5,Tata,26648.95,36469.09,36.85,Available,2021-11-30,12
PROD00053,Necessitatibus Speaker,17,3,OnePlus,17360.8,19827.77,14.21,Available,2022-12-20,6
PROD00054,Sequi TV,10,3,Boat,26065.59,33843.56,29.84,Available,2025-12-17,36
PROD00055,Eos Headphones,2,2,Apple,20941.71,24321.7,16.14,Available,2025-11-05,6
PROD00056,Eius Laptop,14,3,Puma,22112.11,28533.47,29.04,Available,2025-08-08,18
PROD00057,Et Keyboard,11,9,Adidas,28645.53,40072.23,39.89,Available,2025-03-12,6
PROD00058,Quasi Laptop,16,8,Tata,13276.99,17666.36,33.06,Available,2026-06-19,24
PROD00059,Officia TV,2,5,OnePlus,2479.04,3063.1,23.56,Available,2023-08-29,24
PROD00060,Praesentium TV,14,8,Boat,27888.34,38750.85,38.95,Available,2024-02-20,18
PROD00061,Qui Speaker,4,3,Sony,26366.12,30191.84,14.51,Available,2023-05-26,18
PROD00062,Doloremque Bag,19,4,Philips,21336.42,25763.73,20.75,Available,2024-07-13,12
PROD00063,Quam Laptop,8,3,HP,27910.07,37952.11,35.98,Available,2023-06-16,12
PROD00064,Laborum Keyboard,3,10,Apple,35649.26,47224.57,32.47,Available,2021-12-05,36
PROD00065,Illo Keyboard,5,5,Nike,26662.56,37068.96,39.03,Available,2025-04-24,12
PROD00066,Mollitia Speaker,16,9,Sony,24890.95,33508.2,34.62,Available,2021-09-05,12
PROD00067,Voluptatum Phone,9,2,Mi,20717.96,24005.9,15.87,Available,2022-02-27,36
PROD00068,Sequi Bag,13,9,Tata,6702.79,8198.18,22.31,Discontinued,2023-06-24,36
PROD00069,Repellat Shirt,16,7,Boat,13930.24,18808.61,35.02,Available,2025-10-07,18
PROD00070,Veniam Speaker,15,9,Lenovo,31765.75,35625.29,12.15,Available,2024-06-08,12
PROD00071,Illo Laptop,1,10,Puma,3090.54,4324.59,39.93,Available,2024-02-12,12
PROD00072,Libero Laptop,10,4,Nike,1756.12,2320.89,32.16,Available,2024-07-03,24
PROD00073,Sint Keyboard,12,9,HP,30685.1,40096.22,30.67,Available,2024-02-02,24
PROD00074,Recusandae Phone,1,10,Apple,47029.39,55014.98,16.98,Available,2022-07-22,36
PROD00075,Et Speaker,3,8,Adidas,15131.48,19130.73,26.43,Available,2022-01-03,36
PROD00076,Nobis TV,2,2,OnePlus,44111.88,55603.02,26.05,Available,2021-12-05,24
PROD00077,Vitae Bag,20,7,HP,35812.7,44973.59,25.58,Available,2021-09-14,12
PROD00078,Assumenda Bag,12,4,Sony,45008.4,50035.84,11.17,Available,2025-09-12,36
PROD00079,Sapiente Headphones,18,6,Boat,39020.04,47081.58,20.66,Available,2025-11-16,12
PROD00080,Deserunt Headphones,4,8,Nike,35925.66,45539.37,26.76,Available,2021-08-04,6
PROD00081,Praesentium Speaker,4,10,Sony,9111.45,10198.45,11.93,Available,2022-12-25,6
PROD00082,Quae Shirt,14,5,Adidas,42052.36,50416.57,19.89,Available,2022-12-22,12
PROD00083,Et Shirt,9,4,Apple,25344.46,27967.61,10.35,Out of Stock,2021-09-10,18
PROD00084,Dolorum Phone,7,3,Mi,5450.52,7183.79,31.8,Available,2025-08-03,24
PROD00085,Excepturi TV,8,6,Mi,49796.22,65168.31,30.87,Available,2022-01-04,24
PROD00086,Iusto Laptop,16,9,Philips,6129.73,8119.44,32.46,Available,2026-05-08,36
PROD00087,Eos Phone,5,7,Samsung,19423.56,24974.81,28.58,Available,2024-09-27,24
PROD00088,Sunt Shirt,10,10,Philips,2703.43,3394.97,25.58,Available,2024-12-21,36
PROD00089,Doloribus Shoes,10,1,Apple,3373.97,3903.68,15.7,Available,2023-11-04,24
PROD00090,Saepe Shirt,17,10,Tata,16148.9,22133.68,37.06,Out of Stock,2024-11-14,24
PROD00091,Assumenda Shoes,7,6,Dell,33920.62,39466.64,16.35,Available,2022-04-09,24
PROD00092,Ratione Keyboard,12,1,OnePlus,42637.83,48547.43,13.86,Out of Stock,2021-08-10,12
PROD00093,Asperiores Headphones,4,9,Nike,35200.68,43332.04,23.1,Available,2025-12-31,36
PROD00094,Enim Watch,10,6,Nike,336.44,376.91,12.03,Available,2023-05-18,12
PROD00095,Iste TV,16,2,OnePlus,22914.86,26954.75,17.63,Available,2023-09-05,24
PROD00096,Sunt Watch,19,7,Boat,10669.86,13120.73,22.97,Available,2022-02-28,6
PROD00097,Perspiciatis Speaker,15,9,Puma,15842.05,20835.46,31.52,Available,2022-08-16,36
PROD00098,Quibusdam Watch,17,7,Apple,6988.69,8909.18,27.48,Out of Stock,2022-04-18,36
PROD00099,Nobis Headphones,3,5,Dell,10926.72,13882.4,27.05,Available,2022-12-03,18
PROD00100,Nobis TV,18,5,Adidas,14697.56,16320.17,11.04,Out of Stock,2026-02-21,18
PROD00101,Rerum Headphones,15,9,HP,26364.93,36275.51,37.59,Available,2022-11-21,18
PROD00102,Quas Phone,3,5,OnePlus,12895.83,16266.8,26.14,Available,2022-12-06,36
PROD00103,Dolore Watch,14,10,Philips,10034.38,11886.73,18.46,Available,2022-12-17,6
PROD00104,Libero Shirt,17,9,Philips,15113.86,19359.34,28.09,Available,2022-09-27,12
PROD00105,Vitae Shirt,2,10,HP,22213.79,30070.81,35.37,Available,2022-03-18,36
PROD00106,Maiores Shoes,16,10,Lenovo,29711.9,38167.91,28.46,Available,2025-07-17,24
PROD00107,Facilis Phone,13,6,Boat,29265.05,39010.31,33.3,Available,2023-11-13,24
PROD00108,Quasi Watch,8,8,Tata,9357.98,13002.91,38.95,Available,2022-12-07,6
PROD00109,Architecto Keyboard,3,3,Apple,46419.81,58609.65,26.26,Available,2023-12-26,36
PROD00110,Accusamus Laptop,6,4,LG,40656.87,52894.59,30.1,Available,2023-08-03,24
PROD00111,Id Headphones,2,8,HP,4039.7,5506.92,36.32,Available,2022-03-02,24
PROD00112,Quidem Laptop,17,2,Sony,38619.67,44234.97,14.54,Available,2023-09-26,24
PROD00113,Dolore Headphones,5,6,Apple,47693.6,55067.03,15.46,Available,2025-03-06,6
PROD00114,Incidunt Headphones,16,6,Apple,23712.36,28855.57,21.69,Out of Stock,2022-04-19,18
PROD00115,Deserunt Headphones,4,4,Mi,28098.69,34544.53,22.94,Available,2025-11-05,12
PROD00116,Quos Headphones,10,10,Nike,10434.86,11654.7,11.69,Available,2024-07-08,36
PROD00117,Ullam TV,14,1,Boat,36614.86,44029.37,20.25,Available,2022-05-15,6
PROD00118,Voluptas Watch,17,4,Puma,24028.57,32056.52,33.41,Available,2023-08-28,12
PROD00119,Esse Shoes,20,6,Mi,34714.18,42576.94,22.65,Available,2022-04-05,6
PROD00120,Doloremque Laptop,19,3,Apple,18562.89,24916.97,34.23,Available,2023-06-11,24
PROD00121,Laborum Phone,3,10,Nike,41237.17,51760.9,25.52,Out of Stock,2024-01-20,18
PROD00122,Repudiandae Watch,9,3,Puma,42237.8,49435.12,17.04,Discontinued,2024-09-14,36
PROD00123,Expedita Shoes,8,1,Lenovo,7302.95,8035.44,10.03,Available,2022-05-12,12
PROD00124,Sapiente Shoes,7,10,Dell,38728.87,45258.56,16.86,Available,2024-05-25,24
PROD00125,Voluptates Laptop,10,5,Tata,9448.48,12103.5,28.1,Out of Stock,2025-09-23,6
PROD00126,Quia TV,19,2,Adidas,24116.39,30979.91,28.46,Available,2021-11-19,18
PROD00127,Eius Laptop,3,6,Lenovo,43609.51,60146.24,37.92,Available,2024-11-18,18
PROD00128,Vero Laptop,11,2,Dell,42302.62,47053.2,11.23,Available,2022-01-20,6
PROD00129,Vitae Speaker,16,3,Lenovo,14641.42,16970.87,15.91,Available,2022-04-09,36
PROD00130,Accusamus Shirt,18,9,Adidas,17629.02,24028.35,36.3,Available,2025-05-17,36
PROD00131,Voluptas Keyboard,1,1,Mi,36460.72,46990.58,28.88,Available,2021-09-28,36
PROD00132,Hic Laptop,7,8,Adidas,19358.49,24753.7,27.87,Available,2025-02-20,18
PROD00133,Aut TV,5,2,Samsung,44700.93,50118.68,12.12,Available,2022-01-11,24
PROD00134,Recusandae Shirt,14,3,OnePlus,11615.33,12975.49,11.71,Available,2025-12-15,6
PROD00135,Beatae Phone,13,4,Boat,34643.01,39836,14.99,Available,2025-02-01,12
PROD00136,Assumenda Shirt,9,2,Philips,13414.46,16366.98,22.01,Available,2025-09-23,36
PROD00137,Fuga Shoes,10,7,HP,21927.25,27786.21,26.72,Available,2021-07-22,12
PROD00138,Praesentium Headphones,9,1,Sony,40860.66,52718.42,29.02,Available,2025-02-06,12
PROD00139,Qui Laptop,16,6,Boat,5697.59,7614.83,33.65,Available,2025-05-14,6
PROD00140,Natus Shoes,16,2,Dell,24338.19,31454.68,29.24,Available,2021-08-04,36
PROD00141,Excepturi Shoes,10,10,Samsung,45373.79,53423.1,17.74,Available,2022-05-24,12
PROD00142,Dolores Watch,13,8,Mi,20826.5,24814.77,19.15,Available,2024-07-01,6
PROD00143,Quis Bag,17,5,OnePlus,32773.27,42762.56,30.48,Available,2025-11-30,24
PROD00144,Consectetur Phone,6,3,LG,15033,18174.9,20.9,Available,2023-02-22,12
PROD00145,Nostrum Shirt,3,1,Sony,11838.4,14869.03,25.6,Available,2023-05-04,24
PROD00146,Ad Bag,6,4,HP,14523.54,18209.61,25.38,Available,2023-02-26,12
PROD00147,Quod Shoes,12,7,Nike,48540.53,54239.19,11.74,Available,2025-02-15,6
PROD00148,Sint Bag,15,9,Dell,40978.78,56304.84,37.4,Out of Stock,2023-10-21,36
PROD00149,Ipsam Headphones,16,2,Nike,16719.69,21834.24,30.59,Available,2023-02-05,18
PROD00150,Accusamus Bag,16,7,Samsung,31012.16,43296.08,39.61,Out of Stock,2026-07-03,18
PROD00151,Placeat Laptop,11,7,Mi,31342.36,42656.95,36.1,Available,2022-06-22,6
PROD00152,Quod Phone,8,3,Apple,44703.65,59531.85,33.17,Available,2023-07-03,6
PROD00153,Eligendi Watch,13,6,HP,38989.67,43325.32,11.12,Available,2021-11-17,36
PROD00154,Aliquid Bag,9,4,LG,37923.88,48603.24,28.16,Available,2022-06-19,24
PROD00155,Quaerat Bag,8,6,Adidas,40457.85,49771.25,23.02,Available,2025-05-25,36
PROD00156,Vel Bag,4,7,Puma,2975.79,4059.57,36.42,Discontinued,2023-03-10,18
PROD00157,Iusto Speaker,17,9,HP,20474.67,25738.71,25.71,Available,2021-11-23,24
PROD00158,Eveniet Shoes,11,1,Boat,25682.71,28682.45,11.68,Available,2022-09-20,36
PROD00159,Est Headphones,6,8,Puma,42464.91,52087.46,22.66,Out of Stock,2026-04-10,12
PROD00160,Quia Bag,13,9,OnePlus,46937.95,55245.97,17.7,Available,2024-07-29,18
PROD00161,Ab Watch,10,9,Samsung,24112.91,27399.5,13.63,Discontinued,2024-05-18,24
PROD00162,Ipsa Laptop,16,10,Philips,48516.61,63843.01,31.59,Available,2021-09-26,6
PROD00163,Et Bag,16,1,Samsung,18206.2,21232.07,16.62,Available,2024-04-25,12
PROD00164,Non Bag,9,1,Puma,5859.8,7715.6,31.67,Available,2023-11-09,12
PROD00165,Perspiciatis TV,12,1,Nike,37952.66,51471.4,35.62,Out of Stock,2023-01-07,12
PROD00166,Optio Speaker,9,10,Apple,1403.29,1552.6,10.64,Available,2024-09-15,18
PROD00167,Corrupti Shirt,1,10,Boat,29886.11,40313.37,34.89,Available,2024-02-14,24
PROD00168,Quidem Shirt,6,5,LG,48088.09,56397.71,17.28,Available,2026-06-13,18
PROD00169,Consequatur Shirt,3,4,Apple,34044.12,39436.71,15.84,Out of Stock,2025-04-10,36
PROD00170,Voluptatum Phone,20,1,Samsung,38076.53,43612.86,14.54,Available,2025-06-10,36
PROD00171,Labore Shoes,5,7,Dell,25182.41,32578.48,29.37,Available,2022-09-19,6
PROD00172,Voluptatibus Laptop,12,4,OnePlus,24583.92,29758.84,21.05,Available,2023-12-21,36
PROD00173,Ad Watch,2,7,Apple,30042.97,34056.71,13.36,Out of Stock,2023-03-11,24
PROD00174,Nobis Shirt,7,4,OnePlus,41193.08,52368.76,27.13,Available,2025-05-27,18
PROD00175,Voluptates Keyboard,18,7,Adidas,26080.81,31143.1,19.41,Available,2025-12-23,18
PROD00176,Temporibus Phone,9,1,OnePlus,24007.58,33212.09,38.34,Available,2023-11-01,36
PROD00177,Saepe Laptop,6,7,Tata,34938.6,41321.88,18.27,Available,2026-04-28,12
PROD00178,Expedita Shoes,12,4,Adidas,38449.83,46731.92,21.54,Available,2024-03-08,18
PROD00179,Quo Laptop,14,4,Apple,18428.12,23753.85,28.9,Available,2023-08-23,36
PROD00180,In Shoes,2,4,Samsung,48564.57,64576.31,32.97,Available,2026-03-30,24
PROD00181,Dicta Watch,8,2,Dell,36855.09,49518.5,34.36,Available,2024-08-28,6
PROD00182,Nesciunt Bag,8,7,Lenovo,27019.75,37608.79,39.19,Available,2023-02-07,18
PROD00183,Dignissimos Watch,19,2,Boat,13077.19,16349.1,25.02,Available,2024-01-04,12
PROD00184,Animi Bag,7,6,Apple,44863.15,60861.35,35.66,Out of Stock,2024-05-13,24
PROD00185,Nobis Shoes,20,2,LG,18127.29,23889.96,31.79,Available,2023-08-11,12
PROD00186,Delectus Laptop,16,8,Mi,46684.73,63038.39,35.03,Available,2026-01-09,24
PROD00187,Aliquam Speaker,13,6,Philips,48867.99,58167.57,19.03,Out of Stock,2022-12-18,36
PROD00188,Distinctio Keyboard,9,6,Dell,36734.73,46120.45,25.55,Available,2023-01-23,6
PROD00189,Nemo Headphones,1,5,Mi,45000.47,62564.15,39.03,Available,2023-07-02,24
PROD00190,Illo Speaker,13,10,OnePlus,49383.99,61611.47,24.76,Available,2026-06-21,36
PROD00191,Inventore Keyboard,16,10,Samsung,25039.09,31997.45,27.79,Available,2023-08-20,18
PROD00192,Nam Watch,20,9,Nike,48921.53,53882.17,10.14,Available,2024-12-13,6
PROD00193,Voluptatem TV,1,6,Samsung,19539.68,22695.34,16.15,Available,2025-12-13,6
PROD00194,Nesciunt Laptop,6,7,LG,18695.78,26046.96,39.32,Available,2022-09-07,24
PROD00195,Non Shoes,5,6,Boat,44587.17,58012.37,30.11,Available,2023-11-24,6
PROD00196,Fugiat Shirt,13,1,LG,44815.06,59975.99,33.83,Available,2022-12-30,18
PROD00197,Itaque Shoes,5,6,Adidas,14884.96,20571.01,38.2,Out of Stock,2026-01-12,12
PROD00198,Eveniet Watch,13,2,Dell,14196.91,15622.28,10.04,Available,2025-04-12,36
PROD00199,Beatae Watch,5,10,Sony,17376.73,19437.61,11.86,Available,2024-10-12,6
PROD00200,Minima Headphones,7,4,Tata,207.5,248.21,19.62,Available,2021-09-15,6
PROD00201,Debitis Shoes,6,8,Puma,48043.75,64796.61,34.87,Available,2024-05-04,12
PROD00202,Cupiditate Headphones,20,9,Tata,8021.85,9830.78,22.55,Available,2025-06-18,18
PROD00203,Ea Shoes,3,5,Boat,27780.49,36614.69,31.8,Available,2024-03-08,24
PROD00204,Similique TV,16,4,Boat,34864.26,41373.42,18.67,Discontinued,2025-04-08,24
PROD00205,Voluptas Bag,6,8,Philips,36056.29,47028.22,30.43,Available,2023-05-06,6
PROD00206,Vel Shirt,4,3,OnePlus,14758.37,18025.87,22.14,Out of Stock,2023-11-05,36
PROD00207,Consectetur Laptop,9,7,Adidas,13932.75,16263.7,16.73,Available,2021-09-07,12
PROD00208,Praesentium Shirt,18,2,Mi,25221.9,28407.43,12.63,Available,2025-07-17,6
PROD00209,Eum Bag,11,2,Mi,9088.18,12197.25,34.21,Available,2022-03-10,36
PROD00210,Eum Keyboard,10,6,Boat,49818.92,58243.3,16.91,Available,2025-10-05,18
PROD00211,A Shoes,14,5,HP,22449.45,29244.9,30.27,Available,2025-11-23,6
PROD00212,Veniam Watch,14,10,Samsung,40999.53,57030.35,39.1,Available,2024-12-15,12
PROD00213,Quia Headphones,8,4,Dell,14787.75,20256.26,36.98,Available,2024-08-06,24
PROD00214,Molestiae Bag,19,7,LG,19069.14,21241.12,11.39,Discontinued,2024-11-28,24
PROD00215,Hic Speaker,7,1,OnePlus,21006.24,24497.48,16.62,Available,2026-02-15,36
PROD00216,In Headphones,19,3,Boat,1085.43,1230.55,13.37,Available,2022-03-07,36
PROD00217,Ex Phone,12,4,LG,2127.67,2868.31,34.81,Available,2022-10-14,24
PROD00218,Exercitationem Shoes,9,4,Apple,5874.59,6887.96,17.25,Available,2024-10-28,24
PROD00219,Quisquam Shoes,10,8,Lenovo,48694.64,68118.93,39.89,Available,2021-08-02,12
PROD00220,Consequuntur Shoes,16,9,Mi,8353.54,10884.66,30.3,Available,2026-03-14,18
PROD00221,Ipsa Shoes,5,5,HP,1249.31,1716.3,37.38,Discontinued,2023-04-14,36
PROD00222,Ullam Watch,15,10,Samsung,4523.16,6180.45,36.64,Available,2025-03-09,24
PROD00223,Repellat Keyboard,13,2,Samsung,10991.15,12721.16,15.74,Available,2022-12-19,18
PROD00224,Quisquam Phone,12,10,Tata,14414.97,19298.76,33.88,Available,2021-12-21,6
PROD00225,Dignissimos TV,6,1,OnePlus,28403.25,31908.21,12.34,Out of Stock,2022-05-14,36
PROD00226,Reiciendis Bag,5,1,Boat,15321.09,19850,29.56,Available,2021-11-16,6
PROD00227,Iusto Laptop,6,3,Tata,16627.47,22021.42,32.44,Available,2026-01-17,24
PROD00228,Quaerat Bag,5,6,Dell,11303.74,15751.76,39.35,Out of Stock,2021-08-29,18
PROD00229,Neque Phone,17,2,Sony,40422.27,48983.71,21.18,Out of Stock,2026-05-21,12
PROD00230,Nisi Watch,18,9,Sony,37732.76,42309.74,12.13,Available,2023-06-23,12
PROD00231,Provident Watch,12,1,Samsung,16255.09,19694.67,21.16,Available,2024-07-15,24
PROD00232,Minima Phone,19,1,OnePlus,39245.88,43688.51,11.32,Discontinued,2022-01-11,18
PROD00233,Molestias Speaker,4,7,HP,3865.47,4903.74,26.86,Available,2024-02-26,6
PROD00234,Quasi Watch,13,9,Nike,6665.69,7514.9,12.74,Discontinued,2026-04-11,12
PROD00235,Magnam Speaker,12,4,Philips,47777.1,61068.69,27.82,Available,2026-06-21,24
PROD00236,Atque Headphones,11,5,HP,7788.11,10649.46,36.74,Out of Stock,2022-02-23,18
PROD00237,Accusantium Shoes,10,2,Tata,9052.01,11401.91,25.96,Out of Stock,2022-11-19,6
PROD00238,Doloribus Shoes,9,5,Apple,49134.15,54445.55,10.81,Available,2024-09-21,12
PROD00239,Natus Speaker,11,10,Mi,23251.41,27185.55,16.92,Available,2024-06-25,36
PROD00240,Mollitia Shoes,12,3,Puma,13635.03,15260.33,11.92,Available,2024-01-16,12
PROD00241,Perspiciatis Headphones,4,4,LG,44975.69,50327.8,11.9,Available,2025-08-06,18
PROD00242,Culpa Headphones,12,6,Mi,24159.5,30315.34,25.48,Available,2025-11-13,18
PROD00243,Beatae Watch,7,3,Lenovo,25578,28373.68,10.93,Available,2021-12-26,12
PROD00244,Debitis Shoes,20,9,Dell,22122.3,29570.88,33.67,Available,2021-11-09,36
PROD00245,Possimus TV,8,8,Adidas,999.65,1354.33,35.48,Available,2023-10-13,36
PROD00246,Fugiat Laptop,13,10,Nike,47425.89,53501.15,12.81,Discontinued,2023-03-13,6
PROD00247,Eum Bag,17,8,Samsung,26852.2,34335.91,27.87,Available,2026-06-12,6
PROD00248,Architecto Shirt,18,7,Dell,24085.04,27536.43,14.33,Available,2022-02-19,6
PROD00249,Deleniti Laptop,8,10,OnePlus,18117.97,23392.11,29.11,Available,2022-07-29,36
PROD00250,Consequatur Laptop,1,2,Sony,46440.32,64143.37,38.12,Available,2025-07-31,6
PROD00251,Ipsa Bag,14,1,Nike,13015.73,18004.66,38.33,Out of Stock,2024-02-18,6
PROD00252,Earum Watch,9,10,Philips,6948.89,7804.99,12.32,Out of Stock,2025-03-16,6
PROD00253,Quibusdam Watch,7,8,Apple,7448.99,8726.49,17.15,Available,2024-01-31,12
PROD00254,Quis Bag,20,1,Puma,42604.88,52527.56,23.29,Available,2024-07-18,12
PROD00255,Deleniti Watch,12,1,Mi,34554.78,44347.6,28.34,Available,2025-06-24,6
PROD00256,Impedit Keyboard,20,7,Dell,28487.98,37641.17,32.13,Available,2026-01-28,6
PROD00257,Neque Bag,15,6,Dell,43438.75,49181.35,13.22,Available,2021-08-21,12
PROD00258,Quae Headphones,15,7,Boat,30617.44,34720.18,13.4,Available,2021-10-08,18
PROD00259,Reprehenderit Keyboard,6,4,Nike,29312.18,37065.25,26.45,Available,2022-09-24,36
PROD00260,Provident TV,15,4,Adidas,33691.93,39588.02,17.5,Available,2025-03-01,36
PROD00261,Praesentium Speaker,4,4,Sony,16069.16,18725.39,16.53,Available,2022-11-20,18
PROD00262,Illum Bag,16,2,Apple,3481.75,4311.45,23.83,Available,2022-08-23,24
PROD00263,Ad Laptop,5,5,Tata,20393.1,25756.49,26.3,Available,2024-05-04,6
PROD00264,Doloribus Speaker,7,2,Philips,21332.07,24327.09,14.04,Out of Stock,2021-10-05,36
PROD00265,Asperiores Shirt,9,10,HP,33364.35,41685.42,24.94,Available,2026-01-08,36
PROD00266,Est Shirt,7,3,Nike,37014.09,46656.26,26.05,Available,2025-03-23,6
PROD00267,Molestiae Headphones,3,2,Lenovo,30644.02,40293.82,31.49,Available,2025-09-08,6
PROD00268,Quod Keyboard,5,8,Samsung,4907.16,5427.32,10.6,Available,2024-08-19,6
PROD00269,Facilis Speaker,1,8,Nike,9951.12,11858.75,19.17,Out of Stock,2026-06-30,6
PROD00270,Veritatis Speaker,3,3,Nike,1479.63,1735.16,17.27,Available,2021-09-05,6
PROD00271,Dolores Shirt,9,1,Puma,10023.45,13304.13,32.73,Available,2023-08-26,6
PROD00272,Incidunt Watch,9,9,Boat,48665.39,54218.11,11.41,Available,2025-09-17,6
PROD00273,Eveniet Shirt,6,6,Tata,5146.45,7043.95,36.87,Available,2025-04-04,12
PROD00274,Sit Speaker,1,5,Sony,18240.85,25398.56,39.24,Available,2025-03-28,12
PROD00275,Voluptatum Speaker,3,6,Boat,38404.92,42625.62,10.99,Available,2025-09-18,36
PROD00276,Itaque Laptop,17,6,Philips,1412.19,1736.99,23,Available,2022-04-15,24
PROD00277,Cupiditate Laptop,19,2,Tata,37063.03,45750.6,23.44,Out of Stock,2025-02-20,12
PROD00278,Labore Shirt,1,4,Boat,28293.8,34792.89,22.97,Available,2021-12-11,18
PROD00279,Deserunt Headphones,19,6,Apple,19551.62,27299.93,39.63,Available,2021-10-08,24
PROD00280,Repellendus Bag,19,3,Boat,32323.25,39870.73,23.35,Available,2024-10-02,18
PROD00281,Harum Bag,12,2,Philips,47529.88,56123.28,18.08,Available,2021-10-19,24
PROD00282,Quae Shirt,15,5,LG,28096.79,36424.68,29.64,Out of Stock,2026-05-08,12
PROD00283,Ut Bag,12,4,Nike,20479.66,24489.58,19.58,Discontinued,2023-07-29,6
PROD00284,Doloribus Phone,6,3,Nike,21845.04,24145.32,10.53,Available,2024-07-20,36
PROD00285,Eum Shirt,12,3,Apple,45173.28,51949.27,15,Available,2022-08-16,18
PROD00286,Quasi Speaker,5,3,Apple,27194.74,33813.94,24.34,Available,2023-11-15,18
PROD00287,Ex Laptop,12,2,Apple,24316.16,32902.2,35.31,Available,2022-07-20,12
PROD00288,Inventore Headphones,3,9,HP,29651.19,35729.68,20.5,Discontinued,2025-12-16,18
PROD00289,Omnis TV,2,10,OnePlus,8363.03,9298.02,11.18,Available,2024-04-21,6
PROD00290,Sequi TV,18,1,Philips,29176.87,37644,29.02,Available,2025-11-05,12
PROD00291,Non Speaker,14,1,Boat,5306.49,5860.49,10.44,Available,2024-09-11,36
PROD00292,Delectus Phone,14,1,OnePlus,3896.85,4960.69,27.3,Available,2022-07-22,18
PROD00293,Alias Watch,8,2,Samsung,24789.89,29581.78,19.33,Available,2026-02-28,12
PROD00294,Doloribus Speaker,16,5,Philips,41688.11,46869.94,12.43,Discontinued,2021-08-17,6
PROD00295,Ducimus Headphones,9,8,LG,23532.7,26813.16,13.94,Available,2022-01-10,36
PROD00296,Exercitationem Bag,3,8,Boat,31019.95,41210,32.85,Out of Stock,2026-06-17,18
PROD00297,Pariatur Headphones,17,10,Philips,6944.92,7986.66,15,Available,2021-11-04,12
PROD00298,Illum Shoes,9,3,Adidas,16369.31,22666.58,38.47,Out of Stock,2021-12-05,24
PROD00299,Exercitationem Speaker,12,2,OnePlus,28587.21,36145.67,26.44,Available,2025-05-01,36
PROD00300,Nulla Speaker,3,2,Adidas,30785.45,37244.24,20.98,Available,2023-10-03,18
PROD00301,Sequi Laptop,11,9,Philips,15655.87,20506.06,30.98,Available,2022-07-27,18
PROD00302,Qui Speaker,6,1,Adidas,33166.13,41026.5,23.7,Out of Stock,2022-10-31,18
PROD00303,Placeat Laptop,18,3,Mi,3427.75,4239.78,23.69,Available,2025-11-21,36
PROD00304,Facilis Shoes,12,6,Adidas,13655.37,17668.68,29.39,Available,2022-05-28,12
PROD00305,Magni Watch,4,6,Apple,21398.68,26628.52,24.44,Available,2023-06-20,12
PROD00306,Enim TV,12,3,HP,3019.26,3563.03,18.01,Out of Stock,2026-07-11,24
PROD00307,Sapiente Phone,16,3,Samsung,17095.46,20232.48,18.35,Available,2023-11-04,12
PROD00308,Ea Laptop,12,7,Lenovo,47413.72,54051.64,14,Available,2022-03-17,24
PROD00309,Soluta Shirt,4,4,Boat,19643.34,23053.42,17.36,Available,2024-12-23,18
PROD00310,Odio Speaker,12,6,HP,9779.47,11883.03,21.51,Out of Stock,2024-06-19,6
PROD00311,Libero Bag,11,10,Philips,8876.35,11820.64,33.17,Available,2024-10-13,12
PROD00312,Dicta Watch,4,5,HP,23577.19,26380.52,11.89,Available,2024-12-25,36
PROD00313,Quod Headphones,3,6,Sony,22302.97,30867.31,38.4,Available,2026-02-01,18
PROD00314,A Headphones,8,7,HP,11011.3,13634.19,23.82,Available,2021-12-12,18
PROD00315,Porro Headphones,7,4,Boat,43283.6,49057.63,13.34,Available,2024-04-23,36
PROD00316,Aperiam TV,10,7,Puma,9549.1,12923.75,35.34,Available,2026-07-03,18
PROD00317,Alias TV,14,4,OnePlus,7784.49,9996.84,28.42,Available,2025-12-20,6
PROD00318,Temporibus Phone,8,10,OnePlus,18649.15,20575.61,10.33,Available,2023-11-04,6
PROD00319,Hic Speaker,11,3,Dell,27215.13,35831.44,31.66,Out of Stock,2024-07-22,12
PROD00320,Porro Bag,11,7,Philips,22436.25,24787.57,10.48,Available,2026-05-01,6
PROD00321,Facere TV,12,5,Apple,14369.29,16734.48,16.46,Available,2023-07-02,18
PROD00322,Ipsum Shirt,5,3,Dell,7155,8560.24,19.64,Available,2024-06-29,24
PROD00323,Omnis Headphones,20,3,HP,9218.34,10880.41,18.03,Available,2023-06-12,6
PROD00324,Pariatur Keyboard,4,10,Mi,15637.89,20593.54,31.69,Available,2022-11-16,24
PROD00325,Corrupti Shirt,3,2,Nike,33895.79,39275.05,15.87,Out of Stock,2024-06-13,18
PROD00326,Possimus Shoes,15,8,Puma,47951.11,58006.46,20.97,Available,2026-06-13,18
PROD00327,Consequatur Shirt,5,5,Philips,1797.61,2239.82,24.6,Available,2023-05-31,6
PROD00328,Consequuntur Bag,6,5,Adidas,37476.61,45983.8,22.7,Available,2026-01-18,6
PROD00329,Ratione Bag,17,7,HP,47888.19,54879.87,14.6,Available,2022-11-19,12
PROD00330,Unde Headphones,7,5,Adidas,21860.28,27987.72,28.03,Out of Stock,2022-04-04,36
PROD00331,Magnam Watch,18,2,Puma,12277.71,16043.28,30.67,Out of Stock,2024-07-30,6
PROD00332,Consequatur Watch,17,5,Lenovo,23963.08,33188.87,38.5,Available,2024-06-18,6
PROD00333,Incidunt Keyboard,11,1,Samsung,28818.04,36889.97,28.01,Available,2024-05-02,6
PROD00334,Dolor Speaker,14,9,LG,38604.56,52189.5,35.19,Available,2022-06-05,6
PROD00335,Vitae Bag,13,9,Apple,13375.09,15042.96,12.47,Available,2024-02-08,36
PROD00336,Voluptas Laptop,9,5,Boat,33004.13,36492.67,10.57,Available,2026-04-03,24
PROD00337,Eius Headphones,16,2,Philips,30329.59,41305.87,36.19,Available,2024-06-05,18
PROD00338,Suscipit Shoes,11,3,Samsung,24538.47,27512.53,12.12,Available,2023-06-13,6
PROD00339,At Shoes,16,5,Philips,32658.71,39242.71,20.16,Available,2021-10-07,24
PROD00340,Quae Keyboard,18,10,Puma,13199.89,16601.5,25.77,Available,2022-08-08,24
PROD00341,In Phone,17,4,Nike,48221.29,61096.37,26.7,Available,2023-01-07,12
PROD00342,Odio Keyboard,8,5,Mi,30134.15,37363.33,23.99,Out of Stock,2026-07-11,36
PROD00343,Quibusdam TV,20,7,Apple,2061.52,2675.03,29.76,Available,2024-04-21,12
PROD00344,Modi Watch,10,2,Tata,42335.76,48868.17,15.43,Available,2023-01-10,24
PROD00345,Sapiente Laptop,8,6,Dell,23644.88,31915.86,34.98,Available,2022-07-12,36
PROD00346,Quisquam Watch,5,1,Apple,31838.94,41728.11,31.06,Available,2024-03-01,36
PROD00347,Omnis Shoes,15,5,Nike,43901.29,50337.22,14.66,Available,2022-01-11,12
PROD00348,Nam Speaker,12,9,Boat,43311.96,48136.91,11.14,Available,2024-01-19,12
PROD00349,Unde Watch,18,3,Puma,12288.54,14797.86,20.42,Available,2022-12-15,6
PROD00350,Odit Bag,2,4,Lenovo,9988.02,13196.17,32.12,Available,2025-01-04,18
PROD00351,Natus Bag,3,8,Mi,6635.35,7578.9,14.22,Available,2023-10-09,18
PROD00352,Consectetur Speaker,3,9,Philips,32901.1,45551.57,38.45,Available,2023-02-22,12
PROD00353,Iusto Laptop,18,9,Apple,43214.38,52855.51,22.31,Available,2023-08-31,24
PROD00354,Maiores Bag,2,9,Dell,28067.95,35601.39,26.84,Available,2021-11-16,36
PROD00355,A Shoes,11,10,Puma,847.24,1147.84,35.48,Available,2023-08-22,18
PROD00356,Necessitatibus Shoes,2,8,Nike,42075.36,57958.81,37.75,Discontinued,2024-03-23,18
PROD00357,Minima Speaker,2,7,HP,30589.29,39441.83,28.94,Available,2025-10-08,24
PROD00358,Minima Speaker,2,1,OnePlus,14339.04,20048.85,39.82,Available,2025-04-01,24
PROD00359,Dolores Bag,18,10,Puma,47451.05,56632.83,19.35,Out of Stock,2023-04-18,6
PROD00360,Hic TV,10,2,Dell,7754.52,9402.36,21.25,Available,2026-01-27,6
PROD00361,Voluptate Shoes,14,8,Nike,15432.82,18678.34,21.03,Out of Stock,2025-03-24,6
PROD00362,Minima Headphones,3,5,HP,5306.62,6166.29,16.2,Available,2024-09-18,18
PROD00363,Quisquam Shoes,4,2,LG,6777.78,7669.06,13.15,Available,2025-10-22,6
PROD00364,Minus Laptop,20,10,Philips,45328.59,59471.11,31.2,Available,2025-08-01,18
PROD00365,Quam Phone,17,7,Philips,23975.28,26734.83,11.51,Available,2025-12-26,36
PROD00366,Dolorem Speaker,19,9,LG,43795.9,49493.75,13.01,Available,2022-11-22,6
PROD00367,Consectetur TV,16,8,Puma,10306.78,11510.61,11.68,Out of Stock,2023-12-17,24
PROD00368,Quam TV,16,4,Dell,31572.52,38338.51,21.43,Available,2023-06-13,24
PROD00369,Ea Watch,17,2,Philips,49703.18,56502.58,13.68,Available,2024-05-28,12
PROD00370,Commodi Shoes,11,8,Samsung,20738.91,23557.33,13.59,Available,2022-07-07,24
PROD00371,Deleniti Shoes,1,3,Dell,15547.52,20311.28,30.64,Available,2024-09-10,36
PROD00372,Minus Shirt,18,4,Lenovo,32943.83,37625.15,14.21,Available,2024-10-19,12
PROD00373,Fugit Laptop,7,1,Adidas,441.42,539.99,22.33,Available,2021-09-23,18
PROD00374,Culpa Headphones,6,2,Lenovo,10757.64,14720.75,36.84,Available,2025-11-19,24
PROD00375,Ipsam Laptop,19,10,Dell,48207.98,61204.85,26.96,Out of Stock,2023-10-19,36
PROD00376,Omnis Phone,14,10,Nike,28924.14,36652.67,26.72,Available,2023-01-16,6
PROD00377,Harum Laptop,12,5,Sony,18332.74,22191.78,21.05,Available,2026-02-08,6
PROD00378,Accusamus Laptop,20,8,Apple,22800.97,30617.14,34.28,Available,2025-10-31,12
PROD00379,Reiciendis Phone,6,1,OnePlus,12184.06,16227.95,33.19,Available,2023-09-14,12
PROD00380,Numquam Headphones,10,2,OnePlus,10882.31,14897.88,36.9,Available,2022-05-26,12
PROD00381,Eveniet Keyboard,20,5,Puma,16715.75,21730.48,30,Out of Stock,2026-01-09,6
PROD00382,Laudantium Headphones,4,5,Apple,3859.27,4317.75,11.88,Available,2024-10-11,12
PROD00383,Itaque Shoes,3,4,HP,8125.75,9958.11,22.55,Available,2022-07-04,36
PROD00384,Esse TV,13,5,Boat,22598.37,26286.42,16.32,Out of Stock,2023-06-25,12
PROD00385,Esse Laptop,10,10,Philips,16200.2,19532.58,20.57,Available,2022-01-27,24
PROD00386,Doloremque TV,11,3,Lenovo,10282.02,12559.49,22.15,Available,2024-12-07,12
PROD00387,Dignissimos Phone,13,7,Philips,6030.08,6954.49,15.33,Available,2025-12-15,12
PROD00388,Pariatur Shirt,19,10,HP,47923.05,56726.51,18.37,Available,2023-09-24,24
PROD00389,Voluptatibus Laptop,19,7,Puma,48892.08,59442.99,21.58,Available,2025-03-12,18
PROD00390,Tenetur Laptop,6,2,Apple,13308.32,15227.38,14.42,Available,2021-11-28,18
PROD00391,Nisi Phone,3,9,Apple,25824.13,33519.72,29.8,Available,2024-05-15,24
PROD00392,Eius Speaker,12,2,Samsung,6355.41,7683.69,20.9,Available,2022-08-03,36
PROD00393,Velit Laptop,18,10,Samsung,40211.57,45016.85,11.95,Available,2025-10-14,24
PROD00394,Officiis Shirt,6,9,Apple,19551.12,22685.16,16.03,Out of Stock,2024-10-31,24
PROD00395,Beatae Phone,13,7,Adidas,6870.26,8464.16,23.2,Available,2024-05-25,12
PROD00396,Facere Laptop,10,8,Nike,45986.6,59975.72,30.42,Available,2025-11-14,12
PROD00397,Qui Keyboard,7,10,LG,9102.87,10447.36,14.77,Available,2025-08-05,12
PROD00398,Unde Bag,14,2,Samsung,46719.1,53353.21,14.2,Available,2025-12-09,12
PROD00399,Ipsa Bag,13,10,Dell,3426.38,3853.31,12.46,Available,2023-04-29,36
PROD00400,Delectus Shirt,20,4,Philips,2831.67,3563.94,25.86,Available,2024-05-14,12
PROD00401,Similique TV,9,3,HP,31514.12,35283.21,11.96,Available,2025-08-30,36
PROD00402,Debitis Phone,13,6,HP,1584.47,2196.55,38.63,Available,2024-10-24,18
PROD00403,Sequi Shoes,4,5,Adidas,27790.76,36197.46,30.25,Available,2026-01-20,36
PROD00404,Iste Headphones,2,4,Puma,20357.72,26764.29,31.47,Available,2025-05-11,24
PROD00405,Omnis Shoes,4,5,Tata,19423.79,23219.2,19.54,Available,2026-02-03,24
PROD00406,Unde Shirt,1,1,Philips,1412.76,1895.5,34.17,Available,2024-04-13,24
PROD00407,Vero Shoes,14,9,Adidas,49729.03,64662.66,30.03,Available,2024-09-19,36
PROD00408,Sequi Phone,17,3,LG,21634.9,29300.15,35.43,Available,2025-09-23,12
PROD00409,Culpa Laptop,1,1,Dell,32965.75,38560.04,16.97,Out of Stock,2025-12-24,12
PROD00410,Necessitatibus Phone,7,9,Boat,3093.08,3650.14,18.01,Available,2025-11-16,36
PROD00411,Nihil TV,10,10,OnePlus,32594.61,40091.37,23,Out of Stock,2023-06-19,36
PROD00412,Non Keyboard,14,4,Samsung,35822.23,42581.88,18.87,Out of Stock,2022-10-20,12
PROD00413,Ducimus Shoes,3,7,Boat,26428.66,32364.54,22.46,Available,2025-06-03,18
PROD00414,Odio Keyboard,15,2,OnePlus,47766.49,65841.33,37.84,Available,2025-08-06,12
PROD00415,Enim Shoes,12,10,Mi,29784.55,32768.96,10.02,Available,2025-05-07,12
PROD00416,Quis Bag,18,4,Philips,21911.06,30384.07,38.67,Available,2022-04-17,18
PROD00417,Facilis Watch,18,1,OnePlus,43885.55,60886.81,38.74,Available,2022-05-01,6
PROD00418,Officia Headphones,10,10,Adidas,10941.96,12288.92,12.31,Available,2026-05-12,18
PROD00419,Corrupti Laptop,7,5,Dell,42991.79,59225.49,37.76,Available,2026-03-03,12
PROD00420,Molestias Keyboard,4,3,Dell,47417.86,60178.01,26.91,Out of Stock,2024-12-07,6
PROD00421,Officiis Laptop,13,1,Lenovo,11984.17,14436.13,20.46,Available,2025-04-11,6
PROD00422,Ex TV,5,10,OnePlus,36513.76,40544.88,11.04,Available,2023-05-01,18
PROD00423,Quidem Headphones,10,10,Tata,2198.91,3012.95,37.02,Available,2023-01-16,18
PROD00424,Accusantium Shoes,14,4,LG,30207.55,37696,24.79,Available,2024-09-16,12
PROD00425,Dolorum Keyboard,11,8,Adidas,43043.38,54411.14,26.41,Available,2025-01-13,24
PROD00426,Est Bag,13,6,Samsung,45593.78,50440.4,10.63,Available,2022-09-01,36
PROD00427,Voluptates Watch,11,6,Adidas,2158.49,2780.35,28.81,Available,2026-03-24,18
PROD00428,Earum Watch,14,6,Apple,31435.49,39907.35,26.95,Available,2022-12-15,12
PROD00429,Repellat TV,14,9,Sony,14604.59,17957.8,22.96,Available,2026-05-01,36
PROD00430,Sed Phone,18,10,Apple,30876.16,35235.87,14.12,Out of Stock,2025-02-03,6
PROD00431,Voluptatem Speaker,16,5,Dell,43250.43,55395.15,28.08,Available,2025-04-15,36
PROD00432,Placeat TV,12,8,OnePlus,21178.48,25587.84,20.82,Available,2024-02-07,6
PROD00433,Molestias Bag,10,8,Apple,20463.38,28137.15,37.5,Available,2024-08-27,6
PROD00434,In Bag,1,6,Sony,48455.23,57952.46,19.6,Available,2023-04-26,36
PROD00435,Hic Keyboard,9,10,Samsung,8758.01,9704.75,10.81,Available,2023-05-01,6
PROD00436,Ab Laptop,2,5,Samsung,39456.23,49237.43,24.79,Available,2021-08-19,18
PROD00437,Ratione Watch,4,2,Boat,44261.12,60022.5,35.61,Out of Stock,2022-10-28,12
PROD00438,Soluta Laptop,1,8,LG,27751.4,35679.97,28.57,Available,2023-11-22,12
PROD00439,Perferendis Laptop,9,8,Tata,25730.33,28565.81,11.02,Available,2025-12-07,36
PROD00440,Accusamus Watch,10,3,Apple,17927.68,20294.13,13.2,Available,2025-03-27,6
PROD00441,Nam Laptop,3,9,Adidas,5442.33,6443.17,18.39,Available,2025-07-29,36
PROD00442,Optio Speaker,10,5,Apple,15095.47,17563.58,16.35,Available,2025-09-15,18
PROD00443,Mollitia Headphones,19,6,Tata,4543.27,5017.59,10.44,Available,2024-04-19,18
PROD00444,Omnis Bag,8,9,Adidas,39380.79,45488.75,15.51,Available,2022-04-18,12
PROD00445,Voluptates Phone,8,2,Puma,31162.32,40676.18,30.53,Out of Stock,2023-03-22,6
PROD00446,Quidem Watch,5,5,Tata,3986.9,5558.54,39.42,Available,2024-05-03,36
PROD00447,Perspiciatis Shoes,4,1,LG,4249.37,5534.38,30.24,Available,2026-01-27,36
PROD00448,Modi Keyboard,11,9,Boat,8649.59,11229.76,29.83,Available,2022-04-23,36
PROD00449,Aut Headphones,6,5,Dell,20731,27520.4,32.75,Available,2021-09-22,12
PROD00450,Consequuntur Headphones,2,6,Samsung,8691.42,11750.8,35.2,Available,2023-09-30,12
PROD00451,Fugit Bag,8,8,OnePlus,16185.29,21510.25,32.9,Available,2024-05-24,6
PROD00452,Similique Shirt,17,4,Sony,20852.99,23027.96,10.43,Available,2022-11-25,24
PROD00453,Minus Watch,15,3,Apple,22565.44,25101.8,11.24,Discontinued,2024-10-07,36
PROD00454,Nesciunt Speaker,11,8,Boat,47063.09,59737.18,26.93,Available,2024-03-07,18
PROD00455,In Watch,7,6,Dell,31946.64,38674.6,21.06,Available,2022-04-05,6
PROD00456,Dignissimos Watch,11,6,HP,14231.19,17616.79,23.79,Available,2026-06-11,18
PROD00457,Quis Speaker,17,1,Nike,24984.51,27932.68,11.8,Available,2024-12-13,24
PROD00458,Consequuntur Headphones,10,6,Samsung,41339.51,57255.22,38.5,Available,2022-04-21,18
PROD00459,Quae Bag,18,1,OnePlus,2685.75,3091.84,15.12,Available,2023-01-25,6
PROD00460,Nihil Bag,2,6,OnePlus,11625.58,13504.27,16.16,Available,2024-09-13,18
PROD00461,Ipsum Phone,13,8,Boat,27450.14,30826.51,12.3,Available,2021-10-04,36
PROD00462,Fuga Laptop,11,7,Puma,16467.98,21158.06,28.48,Available,2021-09-11,12
PROD00463,Natus Laptop,11,3,LG,4586.1,5566.61,21.38,Available,2024-05-31,24
PROD00464,Perferendis Shirt,12,7,Adidas,10313.61,14293.63,38.59,Available,2024-04-14,12
PROD00465,Consectetur Shirt,19,7,Dell,1113.33,1319.41,18.51,Available,2022-04-16,36
PROD00466,Corporis Shirt,3,8,LG,40034.46,51424.26,28.45,Out of Stock,2022-02-26,18
PROD00467,Molestias Keyboard,13,8,Puma,24752.46,33413.35,34.99,Available,2021-11-30,6
PROD00468,Similique Bag,10,5,Mi,21709.91,29245.42,34.71,Available,2022-05-27,18
PROD00469,Voluptatibus Shirt,15,4,Sony,12792.09,17196.41,34.43,Available,2023-06-14,6
PROD00470,Aliquam Keyboard,2,8,LG,12342.07,16368.05,32.62,Available,2024-04-26,36
PROD00471,Et Speaker,11,6,HP,19686.33,23668.87,20.23,Available,2022-09-27,12
PROD00472,Deleniti Shoes,12,5,Dell,10024.4,12013.24,19.84,Available,2023-01-30,12
PROD00473,Placeat Shirt,15,10,Philips,15320.65,21441.25,39.95,Out of Stock,2023-12-26,12
PROD00474,Quia TV,8,3,Apple,1312.64,1548.65,17.98,Available,2021-11-14,18
PROD00475,Ipsum Shoes,2,5,Lenovo,2895.21,3921.27,35.44,Discontinued,2025-08-08,18
PROD00476,Assumenda TV,19,7,HP,43142.21,53953.65,25.06,Out of Stock,2024-05-16,36
PROD00477,Dolores TV,15,10,Nike,39115.41,46074.04,17.79,Available,2024-05-17,36
PROD00478,Modi Shoes,4,5,Apple,28087.2,36561.11,30.17,Available,2021-10-27,6
PROD00479,Delectus Watch,15,7,Samsung,47459.92,64778.04,36.49,Available,2021-08-18,18
PROD00480,Quis Keyboard,13,6,Sony,7416.69,10213.52,37.71,Available,2023-07-15,18
PROD00481,Expedita Shirt,19,1,Puma,17436.09,22642.51,29.86,Available,2021-09-11,18
PROD00482,Vero Watch,12,5,OnePlus,30562.44,40473.84,32.43,Available,2022-09-16,36
PROD00483,Nisi Laptop,16,7,Philips,45057.66,52118.2,15.67,Available,2026-02-12,18
PROD00484,Atque Headphones,8,3,HP,23510.2,31442.54,33.74,Available,2022-05-14,36
PROD00485,Qui TV,5,4,Mi,12733.11,16290.74,27.94,Available,2024-09-01,24
PROD00486,Architecto Phone,14,7,HP,46518.05,59408.2,27.71,Available,2024-07-25,18
PROD00487,Eveniet Shoes,8,5,HP,31894.39,40180.55,25.98,Available,2022-01-22,18
PROD00488,Odit Shoes,2,9,Apple,22663.68,28907.52,27.55,Available,2025-05-04,18
PROD00489,Officiis TV,16,9,Boat,27886.1,33287.64,19.37,Out of Stock,2025-11-18,18
PROD00490,Ducimus Phone,10,8,LG,19334.32,22922.77,18.56,Available,2024-09-10,12
PROD00491,Et Shoes,15,1,Lenovo,39603.65,45373.9,14.57,Available,2021-08-16,18
PROD00492,Id Bag,7,2,Mi,9277.95,11526.93,24.24,Available,2023-10-26,24
PROD00493,Rem Shirt,8,5,Apple,16036.62,18969.72,18.29,Available,2024-11-29,24
PROD00494,Pariatur Keyboard,18,9,Sony,36659.9,43676.6,19.14,Available,2024-08-30,12
PROD00495,Sit Shirt,17,7,Mi,31960.91,43543.54,36.24,Available,2026-03-15,12
PROD00496,Amet Speaker,12,3,Tata,36040.07,49273.98,36.72,Available,2023-09-05,24
PROD00497,Quos Watch,5,8,Tata,8738.75,10682.25,22.24,Out of Stock,2024-10-16,18
PROD00498,Quisquam Shirt,16,2,Nike,34670.91,38779.41,11.85,Available,2021-07-25,6
PROD00499,Consequuntur Speaker,20,6,OnePlus,40167.49,46244.83,15.13,Available,2022-07-21,36
PROD00500,Fugiat Shirt,5,5,Mi,29503.5,33483.52,13.49,Available,2021-07-24,24
